{"homebrew_version":"1.7.3","used_options":[],"unused_options":[],"built_as_bottle":false,"poured_from_bottle":false,"installed_as_dependency":false,"installed_on_request":true,"changed_files":null,"time":1536115737,"source_modified_time":1530753737,"HEAD":"61ace27006a1cb444552c0be10087fcbc3051643","stdlib":null,"compiler":"clang","aliases":[],"runtime_dependencies":[{"full_name":"openssl","version":"1.0.2p"},{"full_name":"jpeg","version":"9c"},{"full_name":"libpng","version":"1.6.35"},{"full_name":"libtiff","version":"4.0.9"},{"full_name":"wxmac","version":"3.0.4"},{"full_name":"erlang","version":"21.0.7"}],"source":{"path":"/usr/local/Homebrew/Library/Taps/homebrew/homebrew-core/Formula/rabbitmq.rb","tap":"homebrew/core","spec":"stable","versions":{"stable":"3.7.7","devel":"","head":"","version_scheme":0}}}